{"Canada": {"fg %": 43.4, "3pt %": 42.95}, "Oklahoma": {"fg %": 43.2, "3pt %": 31.8}, "Minnesota": {"fg %": 44.9, "3pt %": 28.1}, "Illinois": {"fg %": 38.4, "3pt %": 31.9}, "Indiana": {"fg %": 38.5, "3pt %": 23.9}, "Maryland": {"fg %": 42.849999999999994, "3pt %": 37.3}, "Louisiana": {"fg %": 44.650000000000006, "3pt %": 42.35}, "Texas": {"fg %": 45.949999999999996, "3pt %": 39.766666666666666}, "Arizona": {"fg %": 43.2, "3pt %": 35.0}, "Wisconsin": {"fg %": 43.96666666666667, "3pt %": 36.23333333333333}, "Michigan": {"fg %": 42.05, "3pt %": 29.8}, "Oregon": {"fg %": 42.35, "3pt %": 29.5}, "Pennsylvania": {"fg %": 46.35, "3pt %": 39.4}, "New York": {"fg %": 45.45, "3pt %": 45.65}, "California": {"fg %": 41.725, "3pt %": 31.299999999999997}, "Massachusetts": {"fg %": 42.63333333333333, "3pt %": 37.1}, "Georgia": {"fg %": 43.55, "3pt %": 36.6}, "Miami": {"fg %": 51.5, "3pt %": 39.9}, "Florida": {"fg %": 48.56666666666666, "3pt %": 47.23333333333333}, "Ohio": {"fg %": 51.3, "3pt %": 39.25}, "Colorado": {"fg %": 48.75, "3pt %": 33.3}, "North Carolina": {"fg %": 48.275000000000006, "3pt %": 40.49999999999999}, "Tennessee": {"fg %": 41.5, "3pt %": 24.75}}