{
  "MIL": [
    43.043694,
    -87.91713
  ],
  "MIN": [
    44.979549,
    -93.276131
  ],
  "TOR": [
    43.6434402,
    -79.3789597
  ],
  "ATL": [
    33.7569923,
    -84.3919983
  ],
  "BOS": [
    42.3663175,
    -71.0597084
  ],
  "DET": [
    42.6963466,
    -83.2440995
  ],
  "DEN": [
    39.7473979,
    -105.007974
  ],
  "SAC": [
    38.6481556,
    -121.5210461
  ],
  "BKN": [
    40.683281,
    -73.976181
  ],
  "POR": [
    45.5314969,
    -122.6667829
  ],
  "OKC": [
    35.463402,
    -97.514984
  ],
  "MIA": [
    25.781233,
    -80.18782
  ],
  "CHI": [
    41.880394,
    -87.673164
  ],
  "SAS": [
    29.4251727,
    -98.4349231
  ],
  "CHA": [
    35.225163,
    -80.839302
  ],
  "CLE": [
    41.5047493,
    -81.6907196
  ],
  "HOU": [
    29.7519596,
    -95.3622159
  ],
  "WAS": [
    38.898125,
    -77.02095
  ],
  "LAL": [
    34.043125,
    -118.267097
  ],
  "PHI": [
    39.9052513,
    -75.1734781
  ],
  "MEM": [
    35.1394768,
    -90.0516909
  ],
  "LAC": [
    34.0417841,
    -118.2670411
  ],
  "DAL": [
    32.790302,
    -96.810219
  ],
  "ORL": [
    28.5389544,
    -81.3842762
  ],
  "PHX": [
    33.4459,
    -112.071312
  ],
  "IND": [
    39.764046,
    -86.15551
  ],
  "NOP": [
    29.9440784,
    -90.083168
  ]
}